1,Lothaire,LOS ANGELES,lguillain0@shop-pro.jp,448930
2,Haleigh,NORTHAMPTON,hbrydone1@marriott.com,546168
3,Liana,MILAN,lsuche2@sina.com.cn,822181
4,Raquel,SOLDOTNA,rlindstedt3@bloglovin.com,708215
5,Drake,GREENTOWN,dbucky4@si.edu,662502
6,Ross,STATEN ISLAND,rbrocklebank5@woothemes.com,183157
7,Burr,DETROIT,busborn6@geocities.jp,494727
8,Pauly,VINCENNES,pgomersall7@arizona.edu,989860
9,Hunfredo,PRINCETON,hbeames8@nba.com,988766
10,Eadith,WALLA WALLA,egrint9@washingtonpost.com,98699
11,Skyler,PEARCE,sklimusheva@europa.eu,706651
12,Bella,ATLANTA,bgrandissonb@microsoft.com,733934
13,Kathy,BOSTON,kbeefonc@furl.net,832032
14,Pamelina,NICEVILLE,ptrevaskisd@google.de,783852
15,Kerry,BRENTWOOD,kscoughe@telegraph.co.uk,738440
16,Allyson,CLEVELAND,adaniauf@cbslocal.com,769740
17,Shaw,NEWPORT,sfairbairng@chron.com,196049
18,Leonhard,ARLINGTON,lcaseroh@delicious.com,306241
19,Nicholas,TERRE HAUTE,nriddetti@furl.net,842467
20,Eldredge,CARROLLTON,ebeynej@examiner.com,20511
21,Dina,WENATCHEE,dodellk@technorati.com,156974
22,Sigfried,PONTIAC,scleugherl@mlb.com,926445
23,Regine,KALAMAZOO,rbrentnallm@columbia.edu,437951
24,Hallie,WINNIE,hpartingtonn@yelp.com,835175
25,Ange,CONSHOHOCKEN,acaveyo@whitehouse.gov,238712
26,Renie,FREDERICKSBURG,rthonasonp@weebly.com,191106
27,Nicola,FT HAMILTON,nsommerledq@dmoz.org,104279
28,Tris,MOSCOW,tdolesr@google.ca,994849
29,Josias,HOUSTON,jagirres@oaic.gov.au,931664
30,Lilas,DALLAS,lgrogort@wikimedia.org,882581
31,Jannelle,BATON ROUGE,jlesleyu@ca.gov,183228
32,Cathy,WEST PATERSON,cgoulthorpv@opensource.org,235649
33,Phyllys,LOVINGTON,pjohananovw@mlb.com,92596
34,Shaine,WICHITA,ssollyx@pbs.org,266098
35,Tallia,SAN DIEGO,tmackiny@g.co,643481
36,Belvia,FORT STOCKTON,bstubbertz@xinhuanet.com,299999
37,Basia,SYLVA,bpund10@hostgator.com,125669
38,Alvera,CONNERSVILLE,amoyle11@pinterest.com,183312
39,Mady,ATHENS,mossulton12@eventbrite.com,785031
40,Park,HOUSTON,playson13@house.gov,250912
41,Shea,BROOKLYN,sdamsell14@ifeng.com,648260
42,Minor,DU QUOIN,mbutting15@shinystat.com,804063
43,Devina,NEW BRUNSWICK,djeanenet16@shareasale.com,836614
44,Gilligan,SALEM,gsinott17@cpanel.net,424790
45,Wat,GRAND RAPIDS,wblowfelde18@merriam-webster.com,939197
46,Caesar,THOMASVILLE,cpayfoot19@ameblo.jp,292420
47,Dieter,WICHITA,djalland1a@creativecommons.org,373540
48,Worthington,BIG SANDY,wlindsley1b@tmall.com,885651
49,Jannel,DULUTH,jskellen1c@usda.gov,707820
50,Farly,EDEN PRAIRIE,fmcgairl1d@go.com,351146
51,Mab,FAR ROCKAWAY,mproughten1e@wikia.com,840823
52,Misty,SHREVEPORT,mwoodburne1f@miitbeian.gov.cn,65959
53,Rhianon,PORTLAND,rkendle1g@blogtalkradio.com,972762
54,Valry,SHREVEPORT,vcartmale1h@mac.com,910770
55,Claudine,WINNIE,cbanck1i@1688.com,289587
56,Robbie,FALLS CITY,rlawille1j@adobe.com,851017
57,Oby,CENTREVILLE,oramel1k@nature.com,187799
58,Egor,YONKERS,emillington1l@alexa.com,250601
59,Netti,ROCHESTER,nbridger1m@whitehouse.gov,856323
60,Agnes,MIDLAND,afalla1n@aboutads.info,811562
61,Anica,CERRITOS,amacelholm1o@spotify.com,363225
62,Joelle,MIAMI,jboobyer1p@psu.edu,251246
63,Susana,EASTON,srenak1q@prlog.org,295811
64,Franklin,MIAMI,fpointon1r@pen.io,346223
65,Michel,GUTHRIE,mmayo1s@imgur.com,462164
66,Pauli,NASHVILLE,pdaws1t@wisc.edu,767150
67,Merl,PROVIDENCE,mmattersey1u@amazonaws.com,620104
68,Wolf,GUNNISON,wkubasiewicz1v@yahoo.com,553176
69,Matthus,HARRISBURG,mtennet1w@illinois.edu,965130
70,Hermy,SAN FRANCISCO,hcrop1x@gravatar.com,293424
71,Hussein,MIAMI,hellicombe1y@wisc.edu,678257
72,Raychel,SAVANNAH,rduddell1z@soup.io,639769
73,Karel,CHESTERFIELD,kperigoe20@google.com,555570
74,Belinda,TEMPERANCE,byellowley21@wikipedia.org,263924
75,Jaye,EVANSVILLE,jpetracci22@dropbox.com,726344
76,Ricca,DENVER,rminghi23@umich.edu,821177
77,Hettie,WINCHESTER,hgoranov24@w3.org,747177
78,Nap,VINCENNES,npachmann25@answers.com,161541
79,Mischa,FLUSHING,mbarkaway26@zdnet.com,10185
80,Gaby,GRAND RAPIDS,ggrenshiels27@nps.gov,233633
81,My,PHILADELPHIA,mwarn28@photobucket.com,932753
82,Ericka,PRESCOTT,epipworth29@imageshack.us,208738
83,Connie,FREDERICKTOWN,cbramah2a@wordpress.com,718276
84,Caryl,PRINCETON,cgavagan2b@dmoz.org,18266
85,Jude,LOS ANGELES,jsteinham2c@github.com,726051
86,Bernardo,HIALEAH,bbaccas2d@unc.edu,974848
87,Jerald,WARRENSBURG,jcastano2e@so-net.ne.jp,498505
88,Kiri,ATTICA,kellam2f@chron.com,680398
89,Korry,PHOENIX,knewbold2g@businesswire.com,974606
90,Hilde,NORMAN,hlefley2h@epa.gov,835402
91,Bucky,LONGWOOD,bchainey2i@sakura.ne.jp,801071
92,Nicolas,CAROL STREAM,nzoanetti2j@51.la,458843
93,Lucinda,SARATOGA SPRINGS,lsine2k@jimdo.com,63770
94,Faun,EUCLID,fleafe2l@storify.com,161349
95,Perry,RICHMOND,pflorence2m@answers.com,813060
96,Nathalia,GRAND HAVEN,nsetford2n@last.fm,536577
97,Ania,MIAMI,adeaves2o@blogger.com,590030
98,Hugo,CHELAN,htheobalds2p@dot.gov,315787
99,Janina,BOYNTON BEACH,jrosenkranc2q@studiopress.com,552348
100,Shandee,HENDERSON,sbottinelli2r@wired.com,792904
101,Fabiano,GROVE CITY,fwaite2s@weather.com,657764
102,Monica,AUSTIN,mhesse2t@google.es,311491
103,Yvon,SAN DIEGO,ymungane2u@livejournal.com,429098
104,Bernadene,ALBUQUERQUE,bnickell2v@g.co,320152
105,Tremain,RENTON,tgerrad2w@ehow.com,942320
106,Brendis,WABASH,bmeo2x@fastcompany.com,390826
107,Marcello,BOSTON,mwoodall2y@naver.com,262347
108,Casper,SOUTH HILL,ccarver2z@bloomberg.com,522473
109,Tessi,IRON RIVER,thauger30@walmart.com,826431
110,Darn,SPRINGFIELD,dknightly31@fda.gov,811488
111,Florian,NASHVILLE,finsole32@ihg.com,452084
112,Franni,CARROLLTON,fcritchell33@tripod.com,190253
113,Denice,DANVILLE,ddarey34@sohu.com,266776
114,Ronny,ANAHEIM,rhartfield35@wisc.edu,81768
115,Ignace,WILLOUGHBY,ipoulter36@youku.com,609931
116,Hillel,KALAMAZOO,hcolbrun37@example.com,35295
117,Honoria,SAN DIEGO,hmacparland38@1und1.de,461538
118,Jasper,RANCHO MIRAGE,jdewing39@ftc.gov,811925
119,Sheffield,WESTMINSTER,slovel3a@over-blog.com,479202
120,Reuben,KENNER,rantonognoli3b@odnoklassniki.ru,271581
121,Huey,MIAMI,hscurrey3c@yandex.ru,720362
122,Pablo,CHICAGO,pyarrall3d@msu.edu,447719
123,Eb,LEEDS,eblesli3e@deliciousdays.com,78079
124,Catrina,ASHEVILLE,chandrik3f@ning.com,137925
125,Dannie,GAINESVILLE,dworkes3g@shutterfly.com,48414
126,Dollie,LAS VEGAS,dgrigoryov3h@exblog.jp,505845
127,Letizia,CORAL GABLES,llardez3i@apache.org,541383
128,Blaine,MONTEBELLO,bvinsen3j@nymag.com,956025
129,Andris,MONROVIA,aschroeder3k@ezinearticles.com,232333
130,Susanne,SMITHVILLE,smccandie3l@lycos.com,384876
131,Pryce,COLUMBUS,phickin3m@vimeo.com,593916
132,Krysta,SAINT JOSEPH,kpeerman3n@accuweather.com,450127
133,Jehu,SONORA,jbelsey3o@csmonitor.com,447748
134,Aldous,LAWRENCE,awych3p@tiny.cc,871102
135,Appolonia,ABERDEEN,acossell3q@foxnews.com,186347
136,Darcy,PAW PAW,druste3r@woothemes.com,598645
137,Zelma,RAYVILLE,zjerrand3s@com.com,208311
138,Bobbee,CHICO,bivimey3t@bravesites.com,904066
139,Emery,BROOKLYN,ecesco3u@irs.gov,463925
140,Clayson,PEORIA,csteet3v@abc.net.au,860278
141,Tammy,SAINT CLOUD,temburey3w@ning.com,817049
142,Del,WEST MONROE,daldham3x@squarespace.com,266506
143,Sullivan,BOISE,srake3y@smugmug.com,666057
144,Alford,MONTROSE,atollow3z@wix.com,869767
145,Isador,PASCO,itooting40@va.gov,941983
146,Sadella,LITTLETON,slyven41@abc.net.au,307479
147,Meaghan,FORT WORTH,mpardi42@elpais.com,308771
148,Deeann,BERLIN,dledrane43@mozilla.com,981733
149,Reagan,BALTIMORE,rfeechan44@bloomberg.com,16324
150,Pip,BRONX,pcollecott45@cdc.gov,215908
151,Alasteir,OAK PARK,apuve46@prlog.org,700832
152,Noella,TAWAS CITY,nbrum47@hhs.gov,542963
153,Huberto,MOUNT AIRY,hyorath48@icq.com,653185
154,Adrianna,DALLAS,ascarlon49@google.it,637714
155,Nelie,ORMOND BEACH,narunowicz4a@nasa.gov,867159
156,Neala,POTTSVILLE,nfearn4b@guardian.co.uk,496273
157,Jennilee,MISHAWAKA,jcanner4c@illinois.edu,116966
158,Janene,NEW YORK,jgillcrist4d@eepurl.com,70353
159,Frederick,RIFLE,fasquez4e@skyrock.com,563415
160,Laure,ATLANTA,ltidridge4f@hhs.gov,545433
161,Christos,FORT BENNING,cerratt4g@arizona.edu,828588
162,Tucky,CHARLESTON,ttewkesbury4h@dell.com,662484
163,Zachariah,CORDELE,zpashler4i@toplist.cz,136714
164,Caz,FORT YATES,cardron4j@wikispaces.com,692698
165,Tedi,KREMMLING,tbenda4k@house.gov,591413
166,Maribeth,CLEWISTON,mmouan4l@flavors.me,342189
167,Jared,POMPANO BEACH,jtibald4m@census.gov,805166
168,Karlan,MAYAGUEZ,kmuddicliffe4n@gnu.org,778844
169,Burgess,MC MINNVILLE,baslin4o@yolasite.com,444109
170,Harp,HARRISBURG,hhatwells4p@symantec.com,451076
171,Kelwin,LOMA LINDA,khanson4q@paypal.com,439494
172,Tonnie,SAN ANTONIO,twhittington4r@wp.com,388563
173,Hugibert,SAN JUAN,hstelle4s@sciencedaily.com,300760
174,Feodora,CHESAPEAKE,fbrice4t@usda.gov,745866
175,Melita,ELGIN,mkrates4u@yolasite.com,278155
176,Kat,RUSSELL SPRINGS,ksouthern4v@youtube.com,204817
177,Karlyn,CHILLICOTHE,kblasli4w@spotify.com,362472
178,Andrey,JOPLIN,asconce4x@craigslist.org,518903
179,Leonid,JACKSON,ltourmell4y@loc.gov,174220
180,Lurlene,OSMOND,lreames4z@vk.com,563802
181,Robert,HASTINGS,rbevans50@msu.edu,911805
182,Harman,FOUNTAIN VALLEY,hfilipchikov51@intel.com,506987
183,Ralina,LONG BEACH,rseston52@eventbrite.com,419826
184,Odele,LINDSBORG,ohesbrook53@phoca.cz,142202
185,Yolane,CORAL GABLES,ydoughill54@slate.com,60668
186,Cosetta,LITTLE RIVER,cschultheiss55@hostgator.com,249056
187,Walt,ROCHESTER,wfarnworth56@nature.com,384076
188,Rayner,ALBANY,rwimp57@un.org,365063
189,Harlin,KIOWA,hhaddrill58@edublogs.org,847234
190,Reeba,EAGLE PASS,rowenson59@guardian.co.uk,600239
191,Dulcia,LANCASTER,dvauter5a@netvibes.com,684095
192,Trever,ANDOVER,tdeclerk5b@umn.edu,172729
193,Danila,LAMESA,damy5c@yahoo.co.jp,217410
194,Jeth,NEW YORK,jgilhouley5d@csmonitor.com,915531
195,Faythe,GRAND RAPIDS,fclapson5e@indiegogo.com,905348
196,Florence,GRAND RAPIDS,fdohms5f@sun.com,105285
197,Sue,RIDLEY PARK,sgogie5g@adobe.com,137131
198,Shelby,YORK,smcowan5h@twitter.com,282240
199,Mikol,DALLAS,mtesimon5i@domainmarket.com,30226
200,Oralee,ORANGE,omaggiori5j@nasa.gov,117832
201,Ardyth,LOS ANGELES,ajephcott5k@google.com.au,520028
202,Gaylor,NORTHFIELD,gfoxall5l@is.gd,448521
203,Ring,MURRAY,rstratten5m@nba.com,296425
204,Noach,WALLA WALLA,nvanvuuren5n@msn.com,303156
205,Dione,MONROVIA,dsabben5o@desdev.cn,784790
206,Eadith,KARLSTAD,escoffins5p@yahoo.co.jp,318448
207,Laraine,DICKINSON,lhilbourne5q@rambler.ru,769840
208,Aurore,WAKE FOREST,ajuleff5r@homestead.com,221661
209,Shelagh,OAKLAND,sheys5s@guardian.co.uk,555681
210,Byran,SAN DIEGO,bcarlo5t@miibeian.gov.cn,232405
211,Annadiana,LOWVILLE,afellgate5u@example.com,513208
212,Rahel,NEPHI,rpershouse5v@dot.gov,565734
213,Byram,SANTA FE,bhulks5w@paginegialle.it,333089
214,Gladi,BLAIR,gferie5x@paypal.com,209901
215,Bradford,WENATCHEE,bpountney5y@amazon.com,841687
216,Freedman,KANSAS CITY,fgaywood5z@prlog.org,893799
217,Catrina,CINCINNATI,cbeadnall60@sogou.com,98316
218,Ermin,PERRYOPOLIS,efishbourne61@gizmodo.com,496149
219,Alexia,JONESBORO,adami62@bloglines.com,959771
220,Julissa,SUNNYVALE,jfost63@indiegogo.com,235410
221,Tove,ALPINE,tdutnell64@wired.com,570091
222,Allister,HOUSTON,afetherstan65@statcounter.com,43561
223,Leena,ALPENA,lmacgille66@booking.com,975694
224,Cordie,MC RAE,csandbatch67@vistaprint.com,279094
225,Hunter,SANTA ANA,hewington68@cbc.ca,637984
226,Onfre,RHINELANDER,otreat69@umich.edu,470348
227,Vinson,MILWAUKEE,vcolchett6a@msu.edu,764786
228,Dusty,TRAVERSE CITY,dsends6b@google.fr,880410
229,Stephanie,BOSTON,skinchin6c@cpanel.net,523657
230,Mannie,WARREN,meva6d@freewebs.com,979886
231,Cordelia,WARREN,cdoohey6e@usnews.com,117755
232,Melissa,SPRING MILLS,mkettlewell6f@furl.net,937711
233,Kiel,WARREN,kjellman6g@networksolutions.com,246602
234,Barby,CUERO,btomicki6h@vistaprint.com,102666
235,Flora,STANFORD,ftonkinson6i@paginegialle.it,573691
236,Valentijn,RENO,vireson6j@squarespace.com,361101
237,Chickie,OTTAWA,ccrowley6k@bigcartel.com,738342
238,Fabiano,WEST CHESTER,fabrahim6l@columbia.edu,233669
239,Emili,MORGANTOWN,erace6m@purevolume.com,536542
240,Jorge,WAYNESBORO,jspottiswoode6n@harvard.edu,474023
241,Gilda,COLERAIN,gbabber6o@gnu.org,153802
242,Ninnette,MINNEOLA,npepler6p@jugem.jp,353547
243,Ly,SWAINSBORO,lteek6q@creativecommons.org,119806
244,Kirbee,RALEIGH,kstempe6r@sbwire.com,887340
245,Audrey,ROCKLEDGE,alevins6s@bloglovin.com,988270
246,Bruno,SANTA FE,barnaud6t@usda.gov,734790
247,Camel,STATESVILLE,crideout6u@purevolume.com,257707
248,Zarah,SACRAMENTO,zhasely6v@seattletimes.com,896975
249,Kimberley,KANSAS CITY,khovee6w@arstechnica.com,126586
250,Almira,BOSTON,aocrevan6x@youku.com,235616
251,Lacie,MERRIAM,lkirkbride6y@china.com.cn,373295
252,Sib,EVANSVILLE,sbenedicte6z@google.co.uk,830808
253,Lorilyn,LEONARDTOWN,lduckfield70@mit.edu,536637
254,Stephani,HUNTINGTON,sdabney71@mysql.com,82603
255,Lane,LIBERTY,ltatlowe72@nps.gov,343077
256,Kippie,BRENHAM,ktoffetto73@yandex.ru,502861
257,Beryl,SOUTHFIELD,bhallworth74@jiathis.com,165105
258,Katy,OKLAHOMA CITY,kscotford75@odnoklassniki.ru,981023
259,Katuscha,CHARLOTTE,kkopp76@rediff.com,786759
260,Vick,SALISBURY,vladon77@wikispaces.com,351662
261,Dru,RICHMOND,dneely78@moonfruit.com,933915
262,Kerianne,MIAMI,kchapelle79@youtu.be,425337
263,Stacey,SUNNYSIDE,semblin7a@engadget.com,378869
264,Noland,GREENVILLE,nranscomb7b@dmoz.org,88174
265,West,SALT LAKE CITY,wbalaison7c@dmoz.org,126075
266,Berta,ANNANDALE,bheinssen7d@timesonline.co.uk,904897
267,Karly,BETHPAGE,kmacwhirter7e@google.pl,664624
268,Sheelah,PHOENIX,scarlyle7f@house.gov,428530
269,Hatty,JOPLIN,hloakes7g@imageshack.us,432953
270,Marrissa,EAST MEADOW,mbockman7h@reverbnation.com,298504
271,Job,ANGOLA,jviall7i@dagondesign.com,850363
272,Gamaliel,MOUNT VERNON,ggrimditch7j@jimdo.com,35204
273,Isidore,HOLLYWOOD,idavoren7k@guardian.co.uk,731862
274,Irena,DETROIT,icarine7l@cisco.com,988827
275,Ken,MARYVILLE,kabdon7m@noaa.gov,500628
276,Emmott,HOISINGTON,epapez7n@wired.com,425213
277,Thor,SELLERSVILLE,tstayte7o@mlb.com,592960
278,Bryna,LIVINGSTON,bmarcum7p@oracle.com,448138
279,Swen,ELKIN,scharman7q@reverbnation.com,60645
280,Rahal,PERRY HALL,rlinnemann7r@seattletimes.com,468205
281,Christoforo,PARAMOUNT,cswainsbury7s@toplist.cz,639191
282,Alberto,BROOKLYN,anix7t@statcounter.com,645415
283,Ernest,LAWTON,eambrosch7u@macromedia.com,586191
284,Marybelle,WHITEFISH,mwinspear7v@oakley.com,248020
285,Rivy,FOOTHILL RANCH,rcudworth7w@upenn.edu,183056
286,Kevon,PLANTATION,kterran7x@dedecms.com,585641
287,Dayle,RENSSELAER,dbeames7y@yellowpages.com,574666
288,Debora,VENTURA,dgason7z@cnbc.com,799709
289,Helen,SAINT CLOUD,hcalladine80@icq.com,310623
290,Shayla,PLYMOUTH,squainton81@prnewswire.com,654330
291,Sydel,GURABO,sdraude82@phoca.cz,671364
292,Brad,RICHMOND,bcogar83@webeden.co.uk,580377
293,Odelinda,PULLMAN,obottle84@i2i.jp,257756
294,Tammie,BOUNTIFUL,tdict85@google.de,405632
295,Tiertza,SAINT LOUIS,tmackney86@toplist.cz,271734
296,Kerry,SALIDA,kbarbrick87@google.co.uk,61148
297,Josephine,KLAMATH FALLS,jmarsden88@rambler.ru,238026
298,Travis,WINSTON SALEM,tjakoviljevic89@hhs.gov,18050
299,Baily,ATLANTA,bcanon8a@ucoz.ru,54137
300,Christan,CLINTON,craysdale8b@cornell.edu,105062
301,Manfred,ATLANTA,mbullar8c@i2i.jp,603366
302,Oliver,LOS ANGELES,ovasiliev8d@wiley.com,90945
303,Donielle,FORT MYERS,dtinniswood8e@pinterest.com,571754
304,Aubry,PAMPA,astoneham8f@weather.com,668230
305,Jacinta,CANONSBURG,jlittlemore8g@ask.com,294982
306,Griselda,MURPHY,gwaison8h@home.pl,793762
307,Ramon,LOS ANGELES,rcolvin8i@altervista.org,293890
308,Zedekiah,WELLINGTON,zjersch8j@multiply.com,669841
309,Gertrudis,SIOUX FALLS,gfurmenger8k@deviantart.com,177262
310,Zandra,BELLE MEAD,zrouse8l@reverbnation.com,144692
311,Honey,PHILADELPHIA,hblenkhorn8m@huffingtonpost.com,755337
312,Ula,PHOENIX,upardey8n@blogspot.com,893816
313,Diane,CELINA,dgoolding8o@miibeian.gov.cn,798072
314,Farrah,JERSEYVILLE,fbenzi8p@amazon.de,943143
315,Davon,TWO HARBORS,djockle8q@paginegialle.it,271903
316,D'arcy,EUREKA,dbeaze8r@ucoz.com,133558
317,Franchot,FULLERTON,flodwick8s@exblog.jp,380092
318,Shirlene,CORTLAND,sgladwell8t@statcounter.com,775848
319,Janeczka,MARSHFIELD,jpreston8u@google.ru,607216
320,Lyndy,SOUTH MIAMI,lwraight8v@meetup.com,456570
321,Beverlee,NEWARK,bmaddra8w@digg.com,789732
322,Joey,LUBBOCK,jnardrup8x@friendfeed.com,375656
323,Hunter,EL PASO,hduiguid8y@hugedomains.com,537796
324,Gabrielle,INDIANAPOLIS,gpenhall8z@cisco.com,625092
325,Jamaal,LUMBERTON,jhanna90@webmd.com,657868
326,Miner,JASPER,mgallyon91@si.edu,873741
327,Luciana,FAIRBANKS,lperview92@dell.com,210925
328,Bevon,CHARLOTTE,bgoddard93@telegraph.co.uk,197269
329,Elden,CHICAGO,equarless94@t.co,886447
330,Elroy,ANADARKO,evise95@moonfruit.com,518796
331,Tallulah,CHICAGO,tcarbery96@unblog.fr,914013
332,Constancia,MORRISTOWN,cflancinbaum97@blinklist.com,275063
333,Veriee,MIAMI,vessery98@desdev.cn,920821
334,Nell,CHICAGO,nglenny99@vinaora.com,67505
335,Cortie,INDIANAPOLIS,ccaistor9a@tumblr.com,36364
336,Hamilton,DALLAS,hcathee9b@google.com.hk,155490
337,Crissie,OMAHA,cberrow9c@cmu.edu,494186
338,Gabriel,ST LOUIS,gdrover9d@squarespace.com,429662
339,Erastus,ABINGTON,ebysh9e@senate.gov,759770
340,Robbert,BILOXI,rfearfull9f@unblog.fr,580790
341,Aimee,KALAMAZOO,atreble9g@360.cn,113953
342,Cesare,TROY,cstolberger9h@delicious.com,984840
343,Wolfgang,PASADENA,wstocks9i@ftc.gov,966742
344,Winny,MURRAY,wmassow9j@instagram.com,12798
345,Erinna,ASHLAND,ebradnock9k@w3.org,585394
346,Lester,STERLING,lbrum9l@rambler.ru,785750
347,Filip,ASHEVILLE,fsaffen9m@nsw.gov.au,916254
348,Dominik,MIAMI,dburk9n@wsj.com,946324
349,Archer,CHICAGO,amayte9o@reuters.com,419186
350,Wes,HAYWARD,wdurrans9p@biblegateway.com,68445
351,Jean,BOSTON,jmahy9q@lulu.com,43911
352,Vidovic,PENSACOLA,vmclardie9r@jigsy.com,477958
353,Cori,DEARBORN,cmarte9s@vk.com,722947
354,Nessy,BROOKLYN,nmaggillandreis9t@wikia.com,792941
355,Mallory,TORRANCE,mpurkiss9u@goo.ne.jp,391834
356,Ali,RANSHAW,apoundford9v@npr.org,429818
357,Dolley,HARRISON,dkeerl9w@over-blog.com,715897
358,Tobi,NASHVILLE,tkeeton9x@ycombinator.com,979033
359,Gustie,MARSHALL,gmcilwreath9y@jugem.jp,371185
360,Lana,CONWAY,lumbert9z@aboutads.info,318599
361,Sheila,BROOKLYN,sgabba0@utexas.edu,53342
362,Scarface,DENVER,strassa1@elegantthemes.com,128270
363,Kim,RENTON,kpirria2@edublogs.org,807222
364,Irwin,NASHVILLE,iprydiea3@1und1.de,696368
365,Codi,LONG BRANCH,cdowmana4@phpbb.com,587280
366,Sanford,DALHART,sbartola5@wikimedia.org,185642
367,Danielle,MIDDLETOWN,dfilipowicza6@narod.ru,521366
368,Bonnie,SUMMERVILLE,byukhnova7@plala.or.jp,348344
369,Sherill,WESTWOOD,shonnicotta8@desdev.cn,354124
370,Bondon,SPRINGFIELD,bgippa9@nbcnews.com,45034
371,Bird,MARSHFIELD,bbrezlawaa@ibm.com,874216
372,Jacqueline,CHICAGO,jmonniab@free.fr,53177
373,Killian,NATCHITOCHES,kkibbeeac@google.ru,160138
374,Sherwood,OSCEOLA,sbrundallad@hibu.com,105893
375,Jessey,WHITE SULPHUR SPRINGS,jsmurfittae@booking.com,340501
376,Ashla,DANVILLE,atreaceaf@php.net,997512
377,Frans,HONOLULU,fnorthleyag@tinypic.com,636969
378,Kingsley,SAINT LOUIS,klambournah@netscape.com,243417
379,Clemens,ALGOMA,chanburyai@house.gov,485957
380,Marsiella,BRONXVILLE,mwillisaj@cargocollective.com,480994
381,Nev,ODESSA,nkonigak@hud.gov,490751
382,Quintina,CLACKAMAS,qdickensonal@cloudflare.com,815480
383,Ramonda,WESTWOOD,rmartinsonam@stanford.edu,26285
384,Codi,CLIFTON,cpaulean@phpbb.com,383321
385,Dare,HIGH POINT,dhaskettao@privacy.gov.au,713401
386,Kristel,BOYNTON BEACH,kdelascyap@uiuc.edu,294866
387,Annelise,ANZA,astallworthyaq@cisco.com,377437
388,Rooney,NEW YORK,rbloggar@yelp.com,336385
389,Kath,TALLAHASSEE,ksantenas@amazon.co.jp,950169
390,Charlot,SANTA ROSA,croxbroughat@zimbio.com,354730
391,Lyda,SALIDA,lmelsomeau@bloglines.com,821506
392,Gleda,MIAMI,gfieldstoneav@nature.com,72928
393,Ulysses,TROY,ubetteneyaw@printfriendly.com,675926
394,Zechariah,TREVOSE,zluckinax@nationalgeographic.com,934580
395,Nance,RED LODGE,ntrevershay@goo.ne.jp,728144
396,Gabi,MIDLAND,gjardeinaz@facebook.com,481222
397,Kira,WINSTON SALEM,kaddsb0@bbc.co.uk,964229
398,Brodie,DETROIT,bsalazarb1@vinaora.com,217912
399,Ciel,MARIANNA,cthresherb2@admin.ch,359201
400,Elbertina,MCMINNVILLE,edonkersleyb3@eepurl.com,320265
401,Valdemar,SCHENECTADY,vcleminsonb4@dion.ne.jp,762513
402,Rosetta,BENSON,rdewsburyb5@hexun.com,907970
403,Lennard,HOLLYWOOD,lsealyb6@netscape.com,795149
404,Carmel,GRAND RAPIDS,ccoughanb7@fc2.com,103921
405,Eal,ZEELAND,ecartmillb8@is.gd,585996
406,Jarvis,OMAHA,jmcqueenb9@craigslist.org,696998
407,Yorker,RICHMOND,yprimeba@ning.com,911293
408,Krisha,LAMAR,kdesantosbb@mtv.com,953899
409,Gilberto,METTER,gscraggbc@phpbb.com,449620
410,Hurley,ELMIRA,hstairmondbd@symantec.com,390118
411,Link,NEW HAVEN,lwoodsfordbe@hostgator.com,568590
412,Marieann,EAGLEVILLE,mbowlesbf@mapquest.com,445408
413,Early,DORAL,esumpterbg@dot.gov,891298
414,Joell,CORAL SPRINGS,jaberdeinbh@accuweather.com,337762
415,Mason,KINGSTON,mswyrebi@istockphoto.com,835453
416,Kingston,WEST PLAINS,kheuglebj@friendfeed.com,525832
417,Terrye,BERLIN,tkillikbk@pbs.org,889590
418,Chryste,MIAMI,coganianbl@si.edu,179393
419,Alphonso,GREENVILLE,aceyssenbm@webs.com,317575
420,Anne-marie,CORAL GABLES,ahowellsbn@narod.ru,666103
421,Jeremie,WASHINGTON,jsimmensbo@irs.gov,784220
422,Guglielma,GREENSBORO,ggeraghtybp@oaic.gov.au,636966
423,Roma,RICHMOND,reasumbq@delicious.com,526064
424,Darby,DALLAS,dygoebr@nbcnews.com,203209
425,Marcie,PATCHOGUE,mlugardbs@cbsnews.com,180002
426,Ezra,DOWNEY,esherarbt@bloglines.com,743092
427,Alard,THOMASVILLE,abainbriggebu@ameblo.jp,29705
428,Warner,SHELBY,wparffreybv@comsenz.com,533085
429,Red,CHARLOTTESVILLE,robornebw@nyu.edu,492573
430,Odelia,ATLANTA,omacgillaverybx@theglobeandmail.com,459608
431,Bryna,FORT BAYARD,bchiswellby@gizmodo.com,591938
432,Si,MC GEHEE,swaslingbz@samsung.com,874020
433,Dawn,CALICO ROCK,dchennellsc0@last.fm,759842
434,Myrtle,WEST PLAINS,mbanghamc1@google.pl,45745
435,Brendis,MIAMI,bstreetingc2@youku.com,111489
436,Anson,PERRY,asanchesc3@devhub.com,13619
437,Killy,SAN DIEGO,klidgertwoodc4@google.com,471084
438,Maren,GLENWOOD SPRINGS,mvanwaadenburgc5@blog.com,316754
439,Gaynor,GERMANTOWN,gdunsmuirc6@tuttocitta.it,130431
440,Virgil,DEARBORN,vbernettic7@ucoz.com,323604
441,Charmine,FAIRFIELD,ctweedec8@nationalgeographic.com,211321
442,Bay,BALTIMORE,bannwylc9@businessweek.com,67654
443,Jeth,DALLAS,jronchkaca@dropbox.com,415897
444,Lowe,TAMPA,leadingtoncb@xrea.com,505439
445,Frederic,DES MOINES,fgurwoodcc@opera.com,737146
446,Bear,DENVER,bcovinocd@cmu.edu,70133
447,Eimile,LOS ANGELES,ebrumblece@theguardian.com,873510
448,Brinn,WILKES BARRE,bdaverencf@google.nl,944794
449,Lydia,CAMERON,lpalatinocg@msu.edu,289983
450,Shirline,BISMARCK,smixterch@ft.com,391669
451,Jolene,VAN NUYS,jkhomishinci@meetup.com,349048
452,Ursa,DENNISON,ufoystercj@epa.gov,358203
453,Arni,SAINT LOUIS,ablofeldck@stumbleupon.com,76978
454,Ford,MEYERSDALE,fglaspercl@netlog.com,192389
455,Winfield,MECHANICSBURG,wrentoulcm@theglobeandmail.com,752308
456,Julianne,CHARLOTTE,jmccluincn@furl.net,158855
457,Luciana,FT WORTH,ldanelsco@drupal.org,564923
458,Chan,MILWAUKEE,cculpencp@barnesandnoble.com,448862
459,Lorri,COLUMBIA,lpolglasecq@mapy.cz,308090
460,Rickie,RUTHERFORD COLLEGE,rlequesnecr@cam.ac.uk,796727
461,Granny,BEVERLY HILLS,gbaudouincs@multiply.com,422746
462,Gaynor,HAMILTON,gkleselct@icq.com,918586
463,Reid,WENATCHEE,rrodenburgcu@ustream.tv,27959
464,Francois,SIREN,fgrinnovcv@gizmodo.com,796893
465,Carolyn,INDIANAPOLIS,crobenscw@cornell.edu,134251
466,Crystie,WELCH,cdedomenicicx@hubpages.com,387147
467,Lorie,TUSCALOOSA,labbycy@instagram.com,854931
468,Ray,LA JARA,rgoodlettcz@globo.com,462520
469,Lil,ATLANTA,lblenchd0@whitehouse.gov,907736
470,Cathie,SHREVEPORT,ccomellid1@newsvine.com,328509
471,Allsun,HAMILTON,akobierzyckid2@discovery.com,60146
472,Niel,SAN FRANCISCO,nblaverd3@deviantart.com,216826
473,Andros,MINNEAPOLIS,atruittd4@google.co.jp,183587
474,Jourdan,SPRING HILL,jbonsaled5@tmall.com,146543
475,Kimble,FRANKLIN,kreddickd6@mtv.com,58821
476,Sonia,SAINT LOUIS,slabeuild7@exblog.jp,420932
477,Harri,MUNISING,hfowgiesd8@miitbeian.gov.cn,775882
478,Hazel,SAN ANTONIO,hnoadesd9@narod.ru,379805
479,Appolonia,CHICAGO,aeddowda@google.de,414520
480,Loretta,PERRYTON,lloxlydb@soup.io,45360
481,Jemima,MIDVALE,jdawtreydc@sun.com,864006
482,Ulises,CODY,ugrassickdd@ucsd.edu,405574
483,Irv,DALHART,ihestropde@ifeng.com,158906
484,Rossy,PARKERSBURG,rprimettdf@usnews.com,612902
485,Gherardo,CHEYENNE,gdorringtondg@java.com,750628
486,Ammamaria,CLEWISTON,aitzkindh@tinypic.com,677002
487,Athene,MARLETTE,abramichdi@discuz.net,631567
488,Douglass,PINCKNEYVILLE,djacquetdj@themeforest.net,308598
489,Olivette,MC GEHEE,opretiousdk@barnesandnoble.com,316531
490,Gelya,ISABELA,ggarthshoredl@bandcamp.com,694148
491,Putnam,CHOTEAU,phamssondm@cdbaby.com,93555
492,Herbie,BONHAM,hdaubenydn@google.de,607457
493,Chadwick,DANVILLE,cstqueintaindo@washington.edu,748900
494,Arielle,NEW YORK,alowerydp@omniture.com,909893
495,Daveen,PLANTATION,dmcgeorgedq@engadget.com,540265
496,Octavia,OCILLA,odunlopdr@mail.ru,611075
497,Elysee,FALLS CHURCH,etellessonds@guardian.co.uk,391734
498,Leanora,FRANKLIN,lpeyntuedt@angelfire.com,957970
499,Ellary,ROWLEY,ewillartondu@360.cn,24936
500,Lynda,KATY,lchaneydv@google.com,544737
501,Waylin,GARLAND,werangydw@yahoo.co.jp,488901
502,Pete,KANSAS CITY,pbanishevitzdx@parallels.com,451565
503,Thurstan,MAGEE,trottgersdy@opensource.org,135860
504,Tilly,ST JOHN,theindrichdz@amazon.de,377862
505,Allie,ASTORIA,apudseye0@tripadvisor.com,841629
506,Peder,YONKERS,pgilliatte1@washingtonpost.com,863188
507,Consuelo,SPRING,cbraunde2@google.ru,924132
508,Vale,PORTLAND,vwellsmane3@mayoclinic.com,173682
509,Lorri,RICHMOND,lraggette4@cmu.edu,642913
510,Otto,ELLENSBURG,omuellere5@dailymotion.com,465050
511,Bethina,MCALLEN,battoe6@blogspot.com,466126
512,Catlee,MIAMI,cblakere7@xinhuanet.com,28873
513,Gerome,"LACKLAND AFB,",glearnede8@abc.net.au,795898
514,Cassaundra,SAN FRANCISCO,cedline9@canalblog.com,692072
515,Ollie,LONG BEACH,ohothersallea@infoseek.co.jp,165053
516,Elnar,RAINELLE,eleaneyeb@parallels.com,595803
517,Bartholemy,SEATTLE,bnuccitelliec@taobao.com,365163
518,Chariot,BETHLEHEM,coldacresed@topsy.com,616345
519,Yehudit,ADA,ybraxtonee@cocolog-nifty.com,367686
520,Xerxes,NORMAN,xlehref@google.co.uk,40729
521,Theodore,LAS VEGAS,tpolleg@mit.edu,647123
522,Evania,RICHMOND,esalisburyeh@tuttocitta.it,109940
523,Trenna,KANSAS CITY,tpudeei@cornell.edu,67884
524,Tiffie,EDEN PRAIRIE,tdudinej@de.vu,540419
525,Rozella,MELBOURNE,rwythillek@noaa.gov,222986
526,Noel,FLORENCE,nhenriqueel@miibeian.gov.cn,491514
527,Isaiah,CROSBY,ihamprechtem@buzzfeed.com,762928
528,Vladamir,EL DORADO,vsatchelen@sfgate.com,84962
529,Oralie,HARTFORD,oferenseo@blog.com,248739
530,Anna,BENSON,afrankcombeep@elegantthemes.com,225365
531,Aurelia,PRATT,alequeuxeq@ehow.com,500534
532,Barney,RENTON,bchrismaser@1und1.de,264304
533,Ophelia,PHOENIX,oatackes@wiley.com,163670
534,Ami,ROCHESTER,aklasenet@t.co,934446
535,Elsworth,DALLAS,econstanteu@wisc.edu,566844
536,Christabel,PENSACOLA,carchambaultev@amazon.co.jp,844448
537,Marcel,HOLLYWOOD,mcrocettiew@businessinsider.com,858152
538,Minna,KENNEWICK,mlaurensex@mac.com,393643
539,Ollie,CLARION,omcterrellyey@bravesites.com,255300
540,Nannie,COLLINS,ncumpstyez@google.com.br,332395
541,Skippie,FORT MADISON,sitzhaiekf0@admin.ch,124389
542,Jasper,MARKED TREE,jcleetonf1@theglobeandmail.com,157769
543,Pearl,BRIDGETON,praultf2@amazon.co.uk,548089
544,Alina,MIAMI,aperilliof3@techcrunch.com,776109
545,Brynn,HOLLISTER,bspearingf4@odnoklassniki.ru,588170
546,Lexy,PRINCE FREDERICK,lgirkinsf5@berkeley.edu,456093
547,Jaclyn,SHENANDOAH,jhaburnef6@wsj.com,912472
548,Sylvan,LOS ANGELES,severitf7@booking.com,327981
549,Holmes,WESLACO,hkumaarf8@home.pl,34736
550,Hedi,NAGS HEAD,hswynf9@aboutads.info,712743
551,Jacquelyn,BRENTWOOD,jrochfa@ebay.com,640337
552,Arielle,PRINCETON,apaulmannfb@ibm.com,172504
553,Bartholemy,TAOS,bmckirdyfc@wix.com,406951
554,Ferdinand,MIAMI,fboardsfd@dailymail.co.uk,445047
555,Gael,EDEN PRAIRIE,gingmanfe@forbes.com,578151
556,Sebastien,TRAVERSE CITY,sbuckhamff@mail.ru,596281
557,Howard,TERRE HAUTE,hbellchamberfg@diigo.com,282366
558,Katie,MIAMI,kpoleyefh@phpbb.com,283012
559,Dix,ALLENTOWN,dkonigfi@jimdo.com,830001
560,Jeanna,INDIANAPOLIS,jclanceyfj@cam.ac.uk,602257
561,Gena,CHARLESTON,gfluryfk@howstuffworks.com,809684
562,Brigg,MANCHESTER,bnoicefl@acquirethisname.com,553684
563,Roxana,BROOKLYN,rcampofm@clickbank.net,304740
564,Rowe,MECHANICSBURG,rsappsonfn@cnbc.com,142333
565,Christoph,ALBANY,ckraussfo@shop-pro.jp,706597
566,Halsey,STARKVILLE,hleeburnfp@ihg.com,650008
567,Wilfrid,PHILADELPHIA,wcasettafq@imdb.com,641800
568,Paten,TALLAHASSEE,pcreswellfr@blogs.com,953646
569,Heida,VIVIAN,hhartroppfs@ow.ly,646440
570,Gill,WENATCHEE,ggoldstoneft@bloglines.com,834740
571,Barbie,FT OGLETHORPE,bvandaalenfu@cnn.com,666677
572,Gannie,BOWDLE,ghailyfv@dmoz.org,538954
573,Lisetta,RUSSELL SPRINGS,ldiverfw@trellian.com,898057
574,Samson,MCMINNVILLE,stibblesfx@wp.com,513838
575,Peta,ROANOKE,pthomsonfy@unesco.org,664635
576,Ned,DETROIT,npeadfz@amazon.com,556412
577,Clemens,GILLETTE,cchimentig0@house.gov,20428
578,Krissy,DUNBAR,kskydallg1@t-online.de,614040
579,Fayth,MOUNT PLEASANT,flagadug2@techcrunch.com,787563
580,Bernadina,ALBANY,bmattheeuwg3@blogspot.com,667447
581,Carver,BEVERLY HILLS,cwhyardg4@360.cn,34505
582,Maye,MIAMI,mmaleckyg5@reference.com,189815
583,Amaleta,MILFORD,aslaghtg6@house.gov,517058
584,Colly,ORLANDO,cvitlerg7@tamu.edu,765951
585,Adella,PHILADELPHIA,abenyang8@unicef.org,72994
586,Jenni,LEAVENWORTH,jlafontaineg9@wufoo.com,596337
587,Odie,TOTOWA,oleportga@disqus.com,976170
588,Jud,CHARLESTON,jrapseygb@csmonitor.com,192290
589,Amabelle,MIAMI,agillicuddygc@fema.gov,566480
590,Jeramie,FORT MYERS,jmitchesongd@ask.com,540157
591,Joannes,TULSA,jrolfige@vk.com,552640
592,Ash,CINCINNATI,asiseygf@mlb.com,83841
593,Kele,SUPERIOR,kgonninggg@tumblr.com,212051
594,Matthus,ANTIOCH,mgemsongh@ow.ly,603161
595,Ewell,FAISON,earghentgi@github.io,63823
596,Rowan,CHICAGO,rvalentingj@blinklist.com,202164
597,Amye,FORT STOCKTON,akobischgk@51.la,810964
598,Ardyce,MORGANTOWN,acoggengl@bloomberg.com,159169
599,West,ABILENE,weskellgm@reuters.com,494784
600,Ulric,ATLANTA,usilverstongn@columbia.edu,543334
601,Everard,SALEM,emullesgo@admin.ch,987424
602,Zebadiah,ELDORADO,zsawlegp@xrea.com,951890
603,Cindie,BURKESVILLE,cbruckentalgq@topsy.com,646667
604,Chane,HOUMA,cseggegr@wordpress.com,297286
605,Renato,FAYETTEVILLE,rbrennongs@dion.ne.jp,574466
606,Vaughn,MIAMI,vmalinsongt@sohu.com,45539
607,Sada,KNOX,skassmangu@who.int,931111
608,Shandy,MIRAMAR,sbleasdillegv@vk.com,831272
609,Mei,GLENS FALLS,mnuccitelligw@fc2.com,424511
610,Rhianna,LARKSPUR,rbedrosiangx@yahoo.com,806866
611,Sheba,EL CAMPO,sjimegy@whitehouse.gov,396033
612,Killy,CHARLOTTE,kwillarsgz@hp.com,504627
613,Amelia,NOCONA,acarlyleh0@nifty.com,14168
614,Erika,NEW YORK,emennellh1@rakuten.co.jp,656260
615,Lesley,SHELTON,llorkinh2@netvibes.com,296474
616,Van,MARSHFIELD,vlowdeh3@hud.gov,229662
617,Nikki,INDIANAPOLIS,nelijahuh4@deliciousdays.com,363973
618,Duff,ARLINGTON,dwaneh5@deviantart.com,30441
619,Selene,DORAL,swinfredh6@sciencedirect.com,335337
620,Quintilla,PICAYUNE,qcochranh7@businessinsider.com,56255
621,Cale,NASHVILLE,cgimbletth8@google.co.jp,115101
622,Nani,BOCA RATON,nmadeleyh9@twitter.com,936899
623,Lelia,WICHITA FALLS,lleeha@nasa.gov,234326
624,Roxane,SUNNYVALE,rsparwellhb@hibu.com,881957
625,Prescott,PHILADELPHIA,pdrablehc@bbb.org,793171
626,Davidde,MONETT,dsatfordhd@spiegel.de,842068
627,Jonah,PLACERVILLE,jjeandothe@t-online.de,732228
628,Fianna,NORTH HOLLYWOOD,fwontnerhf@google.pl,350038
629,Colly,SISTERSVILLE,cligerhg@berkeley.edu,703953
630,Kellina,DALLAS,kgreslyhh@google.fr,798151
631,Julianne,FORT GORDON,jaffusohi@furl.net,710449
632,Bearnard,PIKEVILLE,besgatehj@mapquest.com,649701
633,Cherry,OKLAHOMA CITY,cbreznovichk@slideshare.net,614261
634,Osgood,LAWTON,oreggianihl@ning.com,635571
635,Clarence,FAIRBANKS,cburstowhm@sun.com,865845
636,Gerrard,LORIS,gtrudehn@comcast.net,44032
637,Gerianne,ELLENSBURG,gpullarho@amazon.co.uk,207945
638,Frederique,SANDPOINT,ftimsonhp@flavors.me,101783
639,Rolland,ROSELLE PARK,rlefebrehq@shop-pro.jp,537708
640,Bealle,MIAMI,bbuncomhr@fastcompany.com,454104
641,Bartram,RAHWAY,bgraybealhs@myspace.com,56080
642,Rodolph,BIRMINGHAM,rfritschelht@cornell.edu,448628
643,Enid,BOLIVAR,estoakleyhu@plala.or.jp,465583
644,Roma,FORT CAMPBELL,ryeomanshv@mayoclinic.com,826356
645,Annadiane,LITTLE RIVER,astorrehw@deviantart.com,75390
646,Erena,GLENWOOD SPRINGS,emallinarhx@amazon.com,230571
647,Dona,NEW YORK,dsothcotthy@feedburner.com,355673
648,Nickola,GILLETTE,nlatheyhz@myspace.com,350271
649,Garrik,MECHANICSBURG,gkacheleri0@newsvine.com,347408
650,Grantley,CLAREMONT,gpreddyi1@fotki.com,123053
651,Amerigo,SCOTTSDALE,adorseti2@army.mil,681612
652,Sharyl,NEW YORK,sbyersi3@paypal.com,720853
653,Kellia,BATON ROUGE,kzaninii4@devhub.com,899539
654,Phil,PALOS HILLS,psustini5@gizmodo.com,531484
655,Minetta,ROCHELLE,mplumptrei6@gizmodo.com,343393
656,Dyan,SAN ANGELO,dspittali7@bloglines.com,532420
657,Melisent,SYLVA,mskiplornei8@kickstarter.com,571511
658,Constancy,PHOENIX,cmccahilli9@ustream.tv,148802
659,Lily,POMONA,lsumpneria@seesaa.net,267203
660,Karilynn,TYNDALL,kbastenib@nhs.uk,922216
661,Ari,BALTIMORE,aoswickic@issuu.com,892921
662,Sonja,MIRAMAR,stomaselloid@opensource.org,156270
663,Enid,KLAMATH FALLS,ecosensie@weibo.com,791605
664,Denyse,FORT WORTH,dhebdonif@smh.com.au,201510
665,Jonell,KANSAS CITY,jcomberig@barnesandnoble.com,328173
666,Evyn,HARRISBURG,eduplanih@wordpress.org,917938
667,Danit,GLENWOOD SPRINGS,dsimanekii@weibo.com,889507
668,Jaine,DALLAS,jkrinksij@soup.io,331524
669,Meriel,RIO RANCHO,mboyettik@buzzfeed.com,740242
670,Miquela,TAMPA,mgwilliamil@miitbeian.gov.cn,386747
671,Loretta,CANADIAN,lgeavesim@parallels.com,340611
672,Datha,AVON,dmingetin@creativecommons.org,259823
673,Barthel,MEADVILLE,bcaldowio@hp.com,360433
674,Rayna,AMBLER,rgridleyip@theatlantic.com,472692
675,Neel,ALBANY,ngoodsoniq@alexa.com,601939
676,Jud,BREMERTON,jcoilsir@myspace.com,694627
677,Edi,SAN DIEGO,epickenis@ca.gov,826773
678,Waylen,ADA,wfernandesit@washington.edu,638228
679,Ramonda,WEST PALM BEACH,rgionettittiiu@cornell.edu,640431
680,Jefferey,OCEANSIDE,jskaceliv@globo.com,193111
681,Kellyann,INDIANAPOLIS,kjimeiw@com.com,119426
682,Britte,LOGAN,bsheranix@noaa.gov,669585
683,Hailey,BETHESDA,hskuceiy@hubpages.com,742495
684,Cale,PORT GIBSON,cclerkeiz@hao123.com,333923
685,Storm,ERIE,schannonj0@state.gov,811604
686,Shurlock,LEWES,sbueyj1@g.co,352630
687,Gar,DONIPHAN,gpilburyj2@omniture.com,487870
688,Dale,LOXAHATCHEE,dkilsbyj3@canalblog.com,798475
689,Abram,ALTOONA,agildroyj4@virginia.edu,225752
690,Dalston,YORK,dmapowderj5@ftc.gov,987377
691,Ferris,EL CENTRO,fpendleburyj6@51.la,96781
692,Melanie,LOS ANGELES,mdowj7@free.fr,992567
693,Afton,QUINTER,agilloppj8@csmonitor.com,602474
694,Nat,NEVADA,npossekj9@china.com.cn,287146
695,Bab,SALT LAKE CITY,bdoubleja@reuters.com,199213
696,Orlando,WINSTON-SALEM,ofullstonejb@admin.ch,392300
697,Sheelagh,LITTLE RIVER,stibbettsjc@loc.gov,577391
698,Muire,COPPERAS COVE,mrawoodjd@discovery.com,564766
699,Lorrie,DENVER,lhawleyje@go.com,667185
700,Hailey,KING CITY,hmatleyjf@samsung.com,908368
701,Kipp,HUDSON,ktoulminjg@domainmarket.com,553191
702,Nona,PARKER,nortelljh@uiuc.edu,999797
703,Crosby,WEST MIAMI,ccockerillji@cbslocal.com,895591
704,Marilee,STREAMWOOD,msundinjj@ed.gov,575520
705,Nikita,WEST PLAINS,ntorveyjk@washingtonpost.com,292542
706,Deloria,RICHMOND,dpefferjl@adobe.com,366174
707,Gradeigh,WAYNE,gpesjm@patch.com,345459
708,Hugues,TUCSON,hboldryjn@gizmodo.com,489049
709,Merwyn,MARSHALL,mcotejo@timesonline.co.uk,351413
710,Cissiee,MACHIAS,ccastagnonejp@amazon.com,544208
711,Ailsun,BLUEFIELD,avanderhovenjq@canalblog.com,812209
712,Nicolai,ALEXANDRIA,ndefaujr@moonfruit.com,295524
713,Harlen,HARTFORD,hodeejs@privacy.gov.au,930829
714,Jacquie,BOSCOBEL,janersenjt@google.com.hk,861556
715,Keslie,MONTGOMERY,kfydoju@apple.com,178786
716,Kora,EMERYVILLE,kavrahamyjv@pinterest.com,162203
717,Britt,YORK,bgildeajw@scribd.com,686213
718,Addy,COMMERCE,aduncombejx@google.nl,281887
719,Averill,NEW HAVEN,asambrookjy@lulu.com,540433
720,Jereme,NEW IBERIA,jwaitejz@imdb.com,546576
721,Deva,DAYTON,dcordellk0@zdnet.com,420153
722,Gallard,GLENWOOD SPRINGS,ggotcliffk1@cam.ac.uk,336760
723,Luelle,PLAINFIELD,lbartakk2@columbia.edu,665172
724,Morena,CLOVERDALE,mthurberk3@so-net.ne.jp,676383
725,Jeth,ASHEVILLE,jduhigk4@europa.eu,601032
726,Dayna,DENVER,dstrobank5@yahoo.com,691031
727,Nita,COOKEVILLE,nsandomk6@abc.net.au,623849
728,Bruce,WILSONVILLE,btrekerk7@whitehouse.gov,761716
729,Amalita,ROLLA,adallemorek8@odnoklassniki.ru,560792
730,Conant,PLANO,ccamblek9@desdev.cn,497666
731,Sissie,PHOENIX,sgarterka@rambler.ru,991273
732,Toma,TROPHY CLUB,tgoadbykb@facebook.com,737292
733,Hagen,LARCHMONT,hivinskc@gizmodo.com,326344
734,Milissent,BIRMINGHAM,mnormanvillkd@chicagotribune.com,249073
735,Lockwood,PORTLAND,lscarlettke@foxnews.com,327338
736,Felicity,GLENDALE,fshorthillkf@1688.com,35763
737,Caspar,ARLINGTON,cmenendezkg@webeden.co.uk,288325
738,Silvanus,BLAIRSVILLE,sthechamkh@mac.com,151144
739,Archibaldo,DEXTER,adalzellki@shutterfly.com,597047
740,Flemming,AMITE,fdelagneskj@virginia.edu,364207
741,Carmine,NEW YORK,cscurrerkk@msu.edu,462431
742,Morry,MIAMI,mstradlingkl@devhub.com,962665
743,Merill,RAINELLE,mwabekm@technorati.com,894154
744,Leticia,BALTIMORE,lcablekn@amazon.co.jp,27241
745,Melisenda,CAMDEN ON GAULEY,mbrokenshireko@thetimes.co.uk,354493
746,Hendrika,GRAND JUNCTION,hgarlettekp@list-manage.com,374922
747,Dorelle,RIPLEY,dpetkovkq@php.net,338574
748,Susette,NEW YORK,sbudgeonkr@dion.ne.jp,385403
749,Jacklin,MONROE,jzapateroks@dell.com,812011
750,Jedidiah,NEWTON,jairtonkt@ameblo.jp,799631
751,Alister,PHILLIPSBURG,apanyerku@soundcloud.com,466467
752,Ondrea,MIAMI,omcgluekv@homestead.com,427930
753,Dale,ORLANDO,ddominicaccikw@canalblog.com,890440
754,Vanna,OOLTEWAH,vschuhkx@diigo.com,950772
755,Rhoda,WAIANAE,rkeavesky@cocolog-nifty.com,565889
756,Sadie,MIAMI,shorleykz@bravesites.com,529010
757,Riley,HARTFORD,rbrydelll0@cbsnews.com,608326
758,Betti,DANVERS,btruemanl1@e-recht24.de,572827
759,Tripp,OKLAHOMA CITY,tclaypooll2@mashable.com,547023
760,Jere,EDEN PRAIRIE,jincel3@toplist.cz,708912
761,Jolene,JANESVILLE,jdarbishirel4@hostgator.com,391829
762,Garnette,KANSAS CITY,gshayl5@fc2.com,257944
763,Aubine,HELENA,aokroyl6@instagram.com,348462
764,Wait,KENOSHA,wlankhaml7@upenn.edu,951308
765,Stanfield,ROCHESTER,sbaxterl8@clickbank.net,692947
766,Dalis,DALLAS,dduckelsl9@unicef.org,638683
767,Matthiew,NEW RICHMOND,modeoranla@51.la,955032
768,Owen,GLENROCK,odewsburylb@yahoo.com,602598
769,Gilda,ATLANTA,glivenlc@unblog.fr,488284
770,Correy,DORAL,ccorkerld@mlb.com,545302
771,Malva,PARIS,mtuftinle@github.io,852903
772,Arabele,OLNEY,aspierlf@joomla.org,579636
773,Carlyn,BINGHAM FARMS,cborelllg@sohu.com,965391
774,Jaine,PHILADELPHIA,jfritschmannlh@ft.com,592754
775,Link,PHILADELPHIA,ltabardli@creativecommons.org,803190
776,Ermentrude,BALTIMORE,elipscombelj@over-blog.com,748512
777,Madelina,WILMINGTON,mrevenslk@java.com,335875
778,Gibb,SAN ANTONIO,gflorill@so-net.ne.jp,605425
779,Swen,ROSENBERG,skenderlm@seattletimes.com,301625
780,Darrell,PROVIDENCE,dbriscoln@usgs.gov,252663
781,Neal,BALTIMORE,nllorenslo@mail.ru,66166
782,Ado,ALBANY,aguillonlp@yolasite.com,455764
783,Rutger,NEWPORT,rlafoylq@pbs.org,360730
784,Walther,SAN DIEGO,wfookslr@netscape.com,21376
785,Kimberly,MILWAUKEE,kgowenls@tuttocitta.it,125110
786,Wilfred,PROVIDENCE,warkcolllt@sogou.com,348904
787,Mireielle,PROVIDENCE,mwithefordlu@hibu.com,850792
788,Tallia,ATLANTA,tlawlv@joomla.org,420025
789,Butch,AMES,bjaszczaklw@pagesperso-orange.fr,291834
790,Karita,BURKESVILLE,kgarthlandlx@com.com,510032
791,Simonne,DALLAS,showlesly@usa.gov,472375
792,Zebulon,MORGANTOWN,zhadwicklz@dailymotion.com,198374
793,Adelaida,LINCOLN,aslucockm0@cpanel.net,73798
794,Kellie,CHICAGO,kwillmorem1@skype.com,35359
795,Clare,PITTSFIELD,cdunnicom2@sina.com.cn,943074
796,Dean,CAPE GIRARDEAU,dtweedym3@oracle.com,295281
797,Loree,MADERA,lphilippm4@angelfire.com,123739
798,Loydie,BALTIMORE,lweymouthm5@rediff.com,555169
799,Amalia,OAKES,agumbleym6@shinystat.com,783790
800,Sherm,LAREDO,swinstonm7@google.fr,745322
801,Tallie,PROSSER,tstoakm8@cocolog-nifty.com,444539
802,Crin,OKLAHOMA CITY,cdoorlym9@bloglovin.com,254010
803,Ashleigh,LEWISBURG,akennfordma@about.com,616503
804,Carlin,NEWPORT NEWS,cpreecemb@themeforest.net,183216
805,Cosmo,HIALEAH,cdoogoodmc@mediafire.com,346786
806,Danny,ESTES PARK,dsellmd@twitpic.com,46376
807,Trenna,DALLAS,tthreadgoldme@gravatar.com,176126
808,Tony,ALBANY,tameerbegmf@blinklist.com,958985
809,Isabeau,ELGIN,ipetroulismg@netvibes.com,458281
810,Rudd,INDIANAPOLIS,rokerinmh@spiegel.de,393606
811,Ofella,STURGIS,oquennellmi@auda.org.au,738743
812,Hervey,LONDONDERRY,htitterrellmj@clickbank.net,421309
813,Ainslee,TURTLE LAKE,amacsporranmk@etsy.com,431295
814,Gleda,GOLDENDALE,gbalasiniml@icio.us,624621
815,Janean,BALTIMORE,jphilomm@cnbc.com,424733
816,Hillard,TUPELO,hgoodrichmn@tumblr.com,100135
817,Stacie,BALTIMORE,sfayemo@w3.org,637108
818,Sybyl,BOLIVAR,setheringtonmp@ucsd.edu,281353
819,Jennica,CLARKSDALE,jmardymq@cbsnews.com,78315
820,Rustin,BRENTWOOD,rtipplermr@google.ca,829111
821,Stanleigh,TUPELO,solanderms@senate.gov,751445
822,Helyn,BLYTHEVILLE,hmcdarmidmt@edublogs.org,863388
823,Mair,WESTBURY,msiviourmu@delicious.com,433842
824,Wynnie,UVALDE,wdomenicimv@scientificamerican.com,218560
825,Win,GLENDALE HEIGHTS,wbranchettmw@ocn.ne.jp,322723
826,Veronica,INDEPENDENCE,vcuremx@hugedomains.com,422908
827,Aurel,LOS ANGELES,asiwardmy@blog.com,183278
828,Ram,OAKLAND,rbysshemz@fda.gov,865548
829,Abey,SUSQUEHANNA,abamforthn0@nba.com,291406
830,Codie,GRAND RAPIDS,corysn1@hp.com,261090
831,Fitzgerald,HOT SPRINGS,fshoebridgen2@upenn.edu,757604
832,Carline,SHERMAN OAKS,cjeannardn3@domainmarket.com,360790
833,Catina,MOBRIDGE,ctadmann4@feedburner.com,833631
834,Alwin,HAYS,apitwayn5@archive.org,19109
835,Aile,QUINCY,aohowbanen6@wufoo.com,15982
836,Edwina,WINCHESTER,ejacobovitchn7@slashdot.org,539350
837,Bella,LOS ANGELES,bdrillotn8@liveinternet.ru,874428
838,Holli,WOODRIDGE,hniecen9@list-manage.com,311565
839,Friederike,MOREHEAD CITY,fwatchornna@newyorker.com,620570
840,Stesha,PORT TOWNSEND,swissbeynb@examiner.com,122486
841,Jillane,KANSAS CITY,jdinzeync@cyberchimps.com,927096
842,Sukey,MONROE,smacalisternd@dell.com,407986
843,Judon,PITTSBURGH,jmoncasterne@seattletimes.com,555714
844,Roderick,MIDLAND,rseymournf@blog.com,702371
845,Donnajean,BIRMINGHAM,dverchambreng@cbc.ca,210235
846,Gillie,STOCKTON,gcrosslandnh@slate.com,788713
847,Griffie,PROVIDENCE,ggamettni@google.ca,471098
848,Dermot,SAGINAW,dpantridgenj@t.co,82853
849,Rowney,TUCSON,rbettonnk@ebay.co.uk,690182
850,Noemi,CHICAGO,nvigarsnl@blogs.com,349105
851,Licha,HIALEAH,lwabernm@cargocollective.com,277822
852,Davina,CORYDON,dfewingsnn@psu.edu,679368
853,Marie-jeanne,DETROIT,mdowneno@discuz.net,102783
854,Easter,PROSPECT,espurryernp@seesaa.net,164686
855,Adair,BALTIMORE,aglossupnq@answers.com,936871
856,Biddie,WASHINGTON,bskillittnr@answers.com,733988
857,Norrie,THE WOODLANDS,nflyens@cbslocal.com,228814
858,Tabby,STONE MOUNTAIN,teayrsnt@oaic.gov.au,649476
859,Rona,SALIDA,rgierthnu@dailymotion.com,474734
860,Vernen,MIAMI GARDENS,vpetscheltnv@google.com.br,673183
861,Sasha,NASHVILLE,spulhosternw@liveinternet.ru,956630
862,Lela,MIAMI,ldarcynx@angelfire.com,923149
863,Pamella,HOUSTON,pstoweny@google.ru,703453
864,Valaree,FRIONA,vjermeynz@about.me,114402
865,Ara,DALLAS,achillo0@phoca.cz,451729
866,Tuck,MONMOUTH JUNCTION,tlamboto1@csmonitor.com,770394
867,Ranna,NEW YORK,rmennearo2@creativecommons.org,955197
868,Spencer,CINCINNATI,scarriero3@ezinearticles.com,253800
869,Lynn,COMANCHE,lmanskeo4@sakura.ne.jp,427990
870,Dinah,FT CARSON,dfroodo5@w3.org,465884
871,Tate,PONCA CITY,tmansello6@slate.com,656342
872,Clarie,CHICAGO,cvalliso7@usatoday.com,983857
873,Rennie,JAMAICA,rstapfordo8@geocities.jp,866052
874,Cecilio,WAYNE,cbehnincko9@ebay.com,203630
875,Blondelle,IDAHO FALLS,bchewteroa@huffingtonpost.com,323276
876,Maria,NEW YORK,mhamlingtonob@joomla.org,941541
877,Sigismondo,PALM SPRINGS,sdrakesoc@sciencedaily.com,662665
878,Darrel,LAKE VILLA,drossinod@ftc.gov,681843
879,Pauly,E STROUDSBURG,prosemanoe@marketwatch.com,992412
880,Fayre,NASHVILLE,fmacardof@ycombinator.com,733822
881,Andria,WHEELING,asessunsog@vinaora.com,946086
882,Franchot,COLQUITT,fcossemoh@ucsd.edu,413772
883,Clementina,ERIE,cmelendezoi@ask.com,782189
884,Vivi,CHARLOTTE,vbarenseoj@t-online.de,274206
885,Beth,FARGO,bpolettook@delicious.com,377492
886,Reider,ROCKFORD,rgoudmanol@economist.com,362489
887,Dudley,MONTICELLO,dricciardelliom@fda.gov,452308
888,Essa,PHILADELPHIA,eharburtsonon@wunderground.com,760000
889,Sander,WASHINGTON,sdabrowskioo@webeden.co.uk,886199
890,Hill,AVENTURA,hstonardop@shinystat.com,420990
891,John,DANBURY,jbreddyoq@bloglines.com,813947
892,Abraham,ORLANDO,ablachfordor@live.com,506058
893,Lebbie,YONKERS,ldevallos@time.com,616581
894,Lucky,JAMAICA,lgawot@columbia.edu,305800
895,Angelica,HIALEAH,alissamanou@howstuffworks.com,196002
896,Teddy,TYRONE,thamiltonov@cornell.edu,264578
897,Red,BREWSTER,rromaynesow@imgur.com,953229
898,Corrine,DALLAS,cbowdlerox@paypal.com,413582
899,Vivie,DALLAS,vrodwelloy@blinklist.com,359314
900,Mellisent,DALLAS,mneagleoz@istockphoto.com,860655
901,Mischa,RICHMOND,mfarransp0@dailymotion.com,53509
902,Maury,SPRING,mscoullarp1@spotify.com,538089
903,Cirillo,SAN FRANCISCO,cellerkerp2@cloudflare.com,968189
904,Tully,HAVRE DE GRACE,tbravingtonp3@globo.com,26219
905,Lacee,MOUNT CLEMENS,lparcellsp4@51.la,363246
906,Sunshine,SHREVEPORT,sbesseyp5@ow.ly,874281
907,Suzanne,HUDSON,scarmep6@soup.io,217965
908,Daryl,SLIDELL,dclotherp7@freewebs.com,901223
909,Cari,MORRISVILLE,canthamp8@csmonitor.com,505142
910,Dre,FRESH MEADOWS,dbridgmanp9@home.pl,469911
911,Orel,HAXTUN,oheadeypa@hatena.ne.jp,670400
912,Clerissa,KANSAS CITY,csperingpb@is.gd,339617
913,Chiquita,HUDSON,cdeeprosepc@wikipedia.org,796120
914,Deane,SLIDELL,dsurteespd@archive.org,247661
915,Hesther,PITTSFIELD,hbattesonpe@cam.ac.uk,580757
916,Aldin,BALTIMORE,alapthornepf@mozilla.com,898828
917,Llywellyn,JEFFERSONVILLE,lworttpg@psu.edu,282882
918,Kristine,FRANKLIN,kdidomenicoph@miitbeian.gov.cn,104375
919,Clevie,CHEROKEE,clinkepi@macromedia.com,319736
920,Celestina,NEWPORT,cmaffinipj@umich.edu,626089
921,Shelly,IOWA FALLS,slinhampk@chronoengine.com,544683
922,Tony,MIRAMAR,teastonpl@cbc.ca,336943
923,Elvira,PERRYVILLE,ehaskaynepm@phpbb.com,218458
924,Marcellus,PARSONS,mrodearpn@nih.gov,83643
925,Elfrida,FORT WORTH,eschoenrockpo@adobe.com,962377
926,Stanfield,WILLIMANTIC,sokeypp@technorati.com,531172
927,Blondie,SATANTA,bbaccaspq@nhs.uk,724586
928,Mic,ASHEVILLE,mgarzapr@ycombinator.com,245845
929,Hally,DETROIT,hbanksps@vistaprint.com,360131
930,Bartel,ST. PETERSBURG,bbaudouxpt@vinaora.com,155029
931,Adeline,CINCINNATI,agierckpu@usa.gov,441432
932,Loraine,GUAYAMA,lwalklottpv@delicious.com,225067
933,Devin,LANSE,dkiplingpw@reuters.com,598003
934,Dulci,OKLAHOMA CITY,dbabalolapx@cnn.com,416185
935,Verina,GRAND PRAIRIE,vmussettpy@ox.ac.uk,535580
936,Kessiah,BUFFALO,kmummerypz@altervista.org,618408
937,Ulrica,SAN JUAN,upetruskevichq0@cpanel.net,885008
938,Marieann,FARGO,mwaliszewskiq1@loc.gov,147841
939,Theo,BRENTWOOD,tsnaddenq2@de.vu,386952
940,Shelba,FAYETTEVILLE,sottoq3@columbia.edu,50011
941,Lynn,SEAMAN,lickowicsq4@ted.com,298028
942,June,KOSCIUSKO,jeveringtonq5@pen.io,279147
943,Arel,BELLEVUE,afranckq6@fema.gov,99192
944,Roderigo,MIAMI,rsinnettq7@ed.gov,760295
945,Goober,CONWAY,gbenthallq8@webeden.co.uk,319972
946,Ludwig,MONTICELLO,lpoorq9@google.nl,865398
947,Lane,LAS VEGAS,lashtonhurstqa@nymag.com,123649
948,Glynn,HOMER,gpebworthqb@ucsd.edu,48540
949,Rayshell,MIAMI,rfountaineqc@mapquest.com,170843
950,Corney,DALLAS,cchiverstoneqd@pcworld.com,128479
951,Mollie,HOBBS,mharrinsonqe@blogger.com,810632
952,Ganny,SPRINGFIELD,gdykeqf@godaddy.com,585149
953,Clovis,CARTHAGE,cishamqg@spiegel.de,102298
954,Uriah,NASHVILLE,uwrothqh@mozilla.com,426545
955,Grier,CHICAGO,gsibrayqi@geocities.com,200575
956,Kahaleel,PLANO,ksaffrinqj@bandcamp.com,349201
957,Harbert,JEFFERSON,hmcvieqk@cornell.edu,924625
958,Cati,SEBASTIAN,cfaulkesql@altervista.org,708893
959,Minor,GLENWOOD SPRINGS,mglantonqm@squarespace.com,980021
960,Eda,AUSTIN,elardeuxqn@prweb.com,543217
961,Cori,BEAUFORT,crosenstielqo@wsj.com,962451
962,Lark,INDIANAPOLIS,lhallibertonqp@unesco.org,191669
963,Karlyn,HERSHEY,khrinchishinqq@vkontakte.ru,690374
964,Tanney,CHARLOTTE,tstaddingqr@woothemes.com,855202
965,Hailey,ANDERSON,hhandrahanqs@geocities.com,518442
966,Kaylyn,CAMBRIDGE,krendleqt@cbslocal.com,714387
967,Gearalt,DELTA JUNCTION,gdandoqu@addtoany.com,804548
968,Valentino,SCOTTSDALE,vstormesqv@163.com,991724
969,Tobe,MOUNT AYR,tbollardqw@t-online.de,106219
970,Ivar,LITTLE ROCK,icoverdaleqx@huffingtonpost.com,661824
971,Vince,HORSE CAVE,vpetrazziqy@blogtalkradio.com,998007
972,Fanechka,DU BOIS,ftomkinqz@linkedin.com,187496
973,Theadora,PHILADELPHIA,tbillanier0@youtu.be,450715
974,Karna,WAIANAE,kkingdonr1@360.cn,797860
975,Zane,FORT SMITH,zarrighinir2@google.es,588717
976,Teodoro,FORT BENNING,theitzr3@chicagotribune.com,654750
977,Jonas,BALTIMORE,jgabrielyr4@jugem.jp,844595
978,Terrel,MAYAGUEZ,tbrazeltonr5@ebay.com,38716
979,Thorsten,DIMMITT,tbolderor6@usa.gov,326801
980,Sammie,MIAMI,shupkar7@apple.com,476617
981,Alonzo,STEUBENVILLE,atregidgor8@parallels.com,938739
982,Margalit,LOS ANGELES,mabrahamovitzr9@bloglovin.com,607904
983,Manfred,DALTON,macombra@dedecms.com,226245
984,Ilsa,CARTHAGE,ibartkowiakrb@weebly.com,718981
985,Butch,ELKTON,bayreerc@alibaba.com,30462
986,Mariya,MECHANICSBURG,mpavisrd@amazonaws.com,821796
987,Selina,ROANOKE,sgreensmithre@mtv.com,984310
988,Marleah,REISTERSTOWN,mblacklidgerf@typepad.com,973577
989,Huntlee,CORYDON,hiozefovichrg@tamu.edu,435822
990,Sherye,WEIMAR,sbeaverrh@list-manage.com,914952
991,Berk,SAINT LOUIS,bpechacekri@independent.co.uk,249974
992,Bron,MONONGAHELA,bcrumprj@indiegogo.com,483251
993,Shoshanna,CHARLOTTE,spardonrk@wordpress.com,118707
994,Sondra,SANTA FE,sstraneorl@archive.org,957663
995,Haydon,HUDSON,hsueterrm@umich.edu,797866
996,Theobald,BOULDER CITY,tzecchiirn@booking.com,349027
997,Joseito,AUSTIN,jmcgirrro@seattletimes.com,742349
998,Patrizia,HOUSTON,pbartolinirp@xing.com,869635
999,Marshall,LOS ANGELES,mphaliprq@wikimedia.org,504846
1000,Caroljean,WEST MEMPHIS,cantowskirr@psu.edu,897931
